Title,Link
Aplikasi Sistem Informasi Kelulusan SMK Negeri 4 Purworejo,https://smkn4purworejo.sch.id/lulussmk4/
Aplikasi Sistem Informasi Kelulusan,https://pengumuman.smanila.sch.id/index.php?page=about
Aplikasi Sistem Informasi Kelulusan,https://pengumuman.man1kuburaya.sch.id/
Aplikasi Sistem Informasi Kelulusan,http://lulus.sman1pklkuras.sch.id/index.php?page=about
Aplikasi Sistem Informasi Kelulusan/Kenaikan Kelas,https://un.sman5jember.sch.id/
Aplikasi Sistem Informasi Kelulusan,http://www.sman1ambarawalpg.sch.id/asik/
Aplikasi Sistem Informasi Kelulusan,https://info-kelulusan.smkn27jkt.sch.id/
Aplikasi Sistem Informasi Kelulusan,https://kelulusan.mtsnurululumkoga.sch.id/index.php?page=home
Aplikasi Sistem Informasi Kelulusan MA Mathalibul Huda Mlonggo,http://malidaprofetik.sch.id/kelulusan/
Aplikasi Sistem Informasi Kelulusan,https://kelulusan.sman4-bjm.sch.id/
Aplikasi Sistem Informasi Kelulusan,http://smulandu2-jbg.sch.id/info/
Aplikasi Sistem Informasi Kelulusan SMKN 4 Ampana Kota | SMK ...,https://smkn4ampana.sch.id/read/9/aplikasi-sistem-informasi-kelulusan-smkn-4-ampana-kota
Aplikasi Sistem Informasi Kelulusan,http://www.mtsn7ciamis.sch.id/kelulusan/
Aplikasi Sistem Informasi Kelulusan,https://www.kelulusan.mtscieurih.sch.id/
Aplikasi Sistem Informasi Kelulusan SMA Negeri 1 Sungai Kakap,https://lulus.smansakakap.sch.id/
Aplikasi Sistem Informasi Kelulusan,https://asik.smamudabos.sch.id/index2.php
Aplikasi Sistem Informasi Kelulusan SMA Negeri 1 Sungai Kakap,https://lulus.smansakakap.sch.id/index.php?page=about
Aplikasi Sistem Informasi Kelulusan,https://asiksmk.smkyp17jombang.sch.id/
Aplikasi Sistem Informasi Kelulusan,https://kelulusan.smkbinapatria1sukoharjo.sch.id/
Aplikasi Sistem Informasi Kelulusan PPDB MAN 2 TANAH DATAR,https://www.pengumumanppdb.man2tanahdatar.sch.id/
Aplikasi Sistem Informasi Kelulusan,https://infolulus.cendekialasem.sch.id/index.php?page=home
Aplikasi Sistem Informasi Kelulusan,https://www.infolulus.cendekialasem.sch.id/
Aplikasi Sistem Informasi Kelulusan,https://info.smulandu2-jbg.sch.id/index.php?page=home1
Aplikasi Sistem Informasi Kelulusan PPDB MAN 2 TANAH DATAR,https://pengumumanppdb.man2tanahdatar.sch.id/index.php?page=login
Aplikasi Sistem Informasi Kelulusan,https://info.labschoolcibubur.sch.id/osissmp/
Aplikasi Sistem Informasi Kelulusan SMAN 1 Subang,http://www.kelulusan.sman1subang.sch.id/
KILAT333 Website Aplikasi Sistem Informasi Kelulusan SMA Negeri ...,https://kelulusan.sman10garut.sch.id/informasi/KILAT333/
Aplikasi Sistem Informasi Kelulusan,https://sman1binut.sch.id/Kelulusan/
Aplikasi Sistem Informasi Kelulusan MAN 2 TANAH DATAR,https://www.asik.man2tanahdatar.sch.id/
Aplikasi Sistem Informasi Kelulusan,https://smknegeri9garut.id/index.php?page=home
Aplikasi Sistem Informasi Kelulusan,http://kelulusan.sdhjisriati1smg.sch.id/
Aplikasi Sistem Informasi Kelulusan MA Mazda Wonorenggo,https://www.lulus.mazdawonorenggo.sch.id/index.php?page=about
ASIK © APLIKASI SISTEM INFORMASI KELULUSAN,https://smkn1semarang.sch.id/asik_smkn1/
Aplikasi Sistem Informasi Kelulusan SMAN 1 Astanajapura,https://sman1astanajapura-crb.sch.id/kelulusan/index.php?page=login
Aplikasi Sistem Informasi Kelulusan,https://kelulusan.smpmuh2bpp.sch.id/
Aplikasi Sistem Informasi Kelulusan,https://mistasugihwaras.com/kelulusan/
Aplikasi Sistem Informasi Kelulusan,https://www.un.smpn73jkt.sch.id/
Aplikasi Sistem Informasi Kelulusan,https://asik.smksekonomiadikarya.sch.id/
Jual Aplikasi Sistem Informasi Kelulusan Sekolah - Kab.ciamis ...,https://www.tokopedia.com/alfatihdev/aplikasi-sistem-informasi-kelulusan-sekolah?utm_source=google&utm_medium=organic&utm_campaign=pdp-seo
Aplikasi Sistem Informasi Kelulusan,https://www.smpn3batang.sch.id/sub/nilaipts/
Aplikasi Sistem Informasi Kelulusan,http://un2020.smkn3baubau.sch.id/index.php
Aplikasi Sistem Informasi Kelulusan,https://un.smkmaarif1ngluwar.sch.id/
SMAN 1 Banda Aceh-Aplikasi Sistem Informasi Kelulusan PPDB,https://sman1bandaaceh.net/kelulusan2024/
Aplikasi Sistem Informasi Kelulusan,https://www.smkn6yk.sch.id/lulus/
Aplikasi Sistem Informasi Kelulusan SMAN 11 Pinrang,https://sman11pinrang.sch.id/kelulusan/
Aplikasi Sistem Informasi Kelulusan,https://kelulusan.halamansebelasgarut.sch.id/
Aplikasi Sistem Informasi Kelulusan SMK Pancasila 6 Jatisrono,https://pengumuman.smkp6jatisrono.sch.id/
Aplikasi Sistem Informasi Kelulusan SMK Islam 1 Blitar,https://lulusan.smkislam1blitar.sch.id/
Aplikasi Sistem Informasi Kelulusan,https://cek.labschoolupi.id/index2.php?page=home
√ Aplikasi Sistem Informasi Kelulusan Berbasis Web || Codeignither ...,https://code.candilkuya.com/2021/05/aplikasi-sistem-informasi-kelulusan.html
Aplikasi Sistem Informasi Kelulusan,https://www.kelulusan.sdhjisriati1smg.sch.id/index.php?page=about
Aplikasi Sistem Informasi Kelulusan SMP 2 JEKULO KUDUS,https://www.lulusan.digilib.id/
Aplikasi Sistem Informasi Kelulusan SMAN 2 Painan,https://lulus.sman2painan.sch.id/cek.php
Aplikasi Sistem Informasi Kelulusan,http://lulus.smkpratiwi-singkawang.sch.id/
Aplikasi Sistem Informasi Kelulusan,http://assalamahungaran.com/naiksdit5/
Aplikasi Sistem Informasi Kelulusan,https://www.lulus.smkn6yk.sch.id/index.php?page=panduan
Aplikasi Sistem Informasi Kelulusan,https://www.smkm4.sch.id/lulus/
Aplikasi Sistem Informasi Kelulusan,http://kelulusan.smk1pbs.sch.id/
Aplikasi Sistem Informasi Kelulusan,https://man2kotaserang.sch.id/kelulusan/
Aplikasi Sistem Informasi Kelulusan MA Mafatihul Huda Cipari,https://www.lulus.mamafdacipari.com/index.php
Aplikasi Sistem Informasi Kelulusan MA Mafatihul Huda Cipari,https://www.lulus.mamafdacipari.com/index.php
Aplikasi Sistem Informasi Kelulusan,http://kelulusan.smkmuh3pwt.sch.id/index.php?page=login
Aplikasi Sistem Informasi Kelulusan,https://belajar.sman1garut.sch.id/
Aplikasi sistem informasi kelulusan berbasis web free - YouTube,https://www.youtube.com/watch?v=EI0-9KyhHmU
Aplikasi Sistem Informasi Kelulusan Sekolah - YouTube,https://www.youtube.com/watch?v=iwzwFGtX_DQ
Source Code Aplikasi Sistem Informasi Kelulusan (SIK) Gratis ...,https://www.youtube.com/watch?v=w0Da2oNbdE8
